{city: Sacramento, timestamp: 2026-06-10 16:19:06, temperature_f: 0.85}
{city: Sacramento, timestamp: 2026-06-10 16:19:06, temperature_f: 0.85}
{city: Sacramento, timestamp: 2026-06-10 16:19:06, temperature_f: 0.85}
{city: Pittsburgh, timestamp: 2026-06-10 16:19:06, temperature_f: 64}
{city: Denver, timestamp: 2026-06-10 16:19:06, temperature_f: 72}
{city: Denver, timestamp: 2026-06-10 16:19:06, temperature_f: 72}
{city: Denver, timestamp: 2026-06-10 16:19:06, temperature_f: 72}
{city: Pittsburgh, timestamp: 2026-06-10 16:19:06, temperature_f: 64}
{city: Sacramento, timestamp: 2026-06-10 16:19:06, temperature_f: 0.85}
{city: Pittsburgh, timestamp: 2026-06-10 16:19:06, temperature_f: 64}
